theme,idea,description
Energy,Autonomous wastewater heat energy reuse system with self,Autonomous wastewater heat energy reuse system with self-cleaning heat exchanger powered by renewable energy for apartment buildings.
Energy,Heat exchanger to capture the energy from the,Heat exchanger to capture the energy from the hot flues escaping the chimney and use them to heat the room.
Energy,Heat storage barrel can store excess or cheap electric,"Heat storage barrel that can store excess or cheap electric energy as heat for later release into living rooms, with a very low heat loss over time allowing choosing when to buy or use energy from different sources."
Energy,Smart power socket to help minimize energy costs.,Smart power socket to help minimize energy costs.
Social Issues,Develop a policy for youth migrants/refuge,"Development of a policy for youth migrants/refugees to participate in active political life, taking into account the need to ensure meaningful participation of youth migrants and refugees in decision-making processes."
Social Issues,PDF document with comprehensive information that a young migrant,"Creation of a PDF document with comprehensive information that a young migrant might need, such as any dangers to watch out for, accommodation, where to find language courses, most useful phrases, local jokes, etc."
Social Issues,Language and cultural training can help young migrants,"Provide language and cultural training to young migrants, which can help them better communicate and understand their new surroundings."
Social Issues,"Investing in education and training, encouraging entrepreneurship","Creating solutions for addressing unemployment among young people in Europe such as investing in education and training, encouraging entrepreneurship, supporting the transition from school to work, and providing job search assistance"
EdTech,An innovative ecosystem designed to optimize and accelerate learners,An innovative ecosystem designed to optimize and accelerate learners' path to success within the IT industry through a workspace simulator.
EdTech,A programming learning platform for classroom use that helps,A programming learning platform for classroom use that helps bridge the digital divide and youth unemployment through intergenerational learning and skills development.
EdTech,"A memory techniques-based platform, where different","A memory techniques-based platform, where different associations for memorizing something (e.g. German vocabulary, national capitals, Latin plant names) meet."
EdTech,An educational ecosystem that offers tools and resources created,"An educational ecosystem that offers tools and resources created on the principle of visual simplification for professional development, team empowerment, time management, and effective leadership for education leaders."
Bitcoin,"Senders remit Bitcoin, receivers get local","A solution that uses Bitcoin Lightning for fast, low-cost remittances. Senders remit Bitcoin, receivers get local fiat instantly. Leverages Lightning's potential to revolutionize global payments."
Bitcoin,A solution to enable seamless trade and investment.,"A solution to enable seamless trade and investment. Leveraging Bitcoin's liquidity and Taproot Assets, cutting out intermediaries and reducing transaction costs."
Bitcoin,A platform that automates the process of saving,A platform that automates the process of saving Bitcoin into self-custodial wallets.
Bitcoin,"Leveraging Lightning Network, it creates a","A solution to empower users to earn Bitcoin through ad clicks and views. Leveraging Lightning Network, it creates a micropayment-based ad platform."
Space,Developing a Space Debris Collecting Robot,Developing a Space Debris Collecting Robot (SDCR) prototype. Reusing collected materials for scientific research and industry.
Space,A mobile spacecraft would carry the fuel and equipment,"Offer the service of a ""garage"" space station able to store fuel and equipment to extend the lifespan of orbiting satellites.  A mobile spacecraft would carry the fuel and equipment to fix satellites in their orbit."
Space,The solution consists of a platform-as-,An innovative way to locate the space and aerial vehicles using radio frequency transmitters. The solution consists of a platform-as-a-service business model and allows space agencies to seamlessly track space vehicles.
Space,Watchdog project aims to pull back the veil,An open-sourced watchdog project which aims to pull back the veil on corporate misdeeds around the world. All monitoring revolves around environmentally damaging practices (e.g. chemical manufacturers dumping chemicals in rivers).
Blockchain,Ethernet is a distributed ledger technology,To use distributed ledger technology based on the Ethereum network to create tamper-proof certificates in non-transferable NFT format.
Blockchain,A project aiming to use Soulbound NFT,A project aiming to use Soulbound NFTs (EIP-4671) to verify and authenticate educational certificates.
Blockchain,"Blockchain-based application where experts, professionals","A blockchain-based application where experts, professionals, content creators, and universities could upload study material and content. Students could learn the courses they prefer and are passionate about."
Blockchain,A synergetic reputation engine for loan security,"A synergetic reputation engine for loan security that is decentralized, permissionless, trustless, pseudonymous, and open, It offers a global protection community for credit security. Instead of a few companies determining one global credit score, credit scores are calculated pseudonymously based on volume histories between individuals or groups of creditors and debtors."
Business and Startup,A carpooling platform to reduce traffic and,"A carpooling platform to reduce traffic and pollution. Share rides for cheaper costs, environmental benefits, and improved quality of life."
Business and Startup,"Group motivation app. Daily tasks, progress sharing","A group motivation app. Join or create groups to achieve goals together. Daily tasks, progress sharing, and community support for increased motivation."
Business and Startup,"Online courses, roadmaps, and mentorship","An all-in-one platform, helping people from all levels to join the tech industry by outmapping their current skills, interests, and talents and giving them the tools, such as online courses, roadmaps, and mentorship (all within the platform) to reach their career in the tech industry."
Business and Startup,A YouTube-style platform where you can watch,"A YouTube-style platform where you can watch any lesson anytime from the top schools. With a quick camera and audio recording setup, any regular lesson can be captured and put on a platform for anyone to watch."
Business and Startup,A web-based software for organizing in-,A web-based software for organizing in-person boot camp events for gaming/esports and software development teams.
Business and Startup,A mapping tool for supermarkets to easily find products,A mapping tool for supermarkets to easily find products without wasting any time.
Business and Startup,A cutting-edge facial recognition technology that enables,"A cutting-edge facial recognition technology that enables you to access buildings, and validate memberships and loyalty programs."
Business and Startup,Product Review Aggregator brings all reviews onto,"A Product Review Aggregator bringing all reviews onto one platform and making it easy for people to make smarter decisions when purchasing products, including a useful search feature, filtering, specifications comparison, and more."
Business and Startup,A project to provide a service for ultra-,A project to provide a service for ultra-fast image delivery in web browsers
Environment and Sustainability,Farming seaweed to create a dry raw,"Farming seaweed to create a dry raw material to be added to livestock feed. The main goal is to reduce greenhouse gasses, provide a stable cash flow to fish farms, and conserve the oceans."
Environment and Sustainability,A service to caterers and the food,"A service to caterers and the food service, providing an innovative badge/certification system for restaurants to encourage sustainability practices and minimize food waste."
Environment and Sustainability,A switchboard to connect farmers with expert consultants,A switchboard to connect farmers with expert consultants who can help them become more productive and financially sustainable. The model is inspired by the circular economy.
Cybersecurity,A Safari web extension for iOS/iPad,A Safari web extension for iOS/iPadOS mobile users for detection and blocking of sensitive data transmission. The extension analyzes the data streams in real-time on the client side and blocks malicious activity based on behavioral analysis.
Cybersecurity,A digital radar system placed in a browser extension,"A digital radar system placed in a browser extension to: Warn users if the webpage they are on is potentially malicious, contains misleading data, or is known to be an unreliable source.Notify the user if any keywords listed on the page relate to specific disinformation campaigns.Give the user an overview of the current state of the web, eg. ongoing info-warfare and cyber security eventsConnect anonymized data from all the extension units"
Cybersecurity,Warn users if the webpage they are on,"Warn users if the webpage they are on is potentially malicious, contains misleading data, or is known to be an unreliable source."
Cybersecurity,Notify the user if any keywords listed on,Notify the user if any keywords listed on the page relate to specific disinformation campaigns.
Cybersecurity,Give the user an overview of the current state,"Give the user an overview of the current state of the web, eg. ongoing info-warfare and cyber security events"
Cybersecurity,Connect anonymized data from all the extension units,Connect anonymized data from all the extension units
Cybersecurity,An automated security assessment tool for Agile teams,"An automated security assessment tool for Agile teams. Swift audits, vulnerability scanning, and actionable checklists for compliant software development."
Cybersecurity,"An instant emergency situation control room, which allows","An instant emergency situation control room, which allows fast evaluation of risk level and collecting insights from affected stakeholders to ignite countermeasures."
Cybersecurity,SaaS/Self-Hosted software,"A SaaS/Self-Hosted software that helps with implementing and maintaining the identity of IoT devices. The platform helps administrators manage IoT devices, creating groups and policies to maintain security within IoT ecosystems like car fleets or industrial IoT."
AI and Machine Learning,A Chatbot System,"Building a chatbot system can be a great project idea for hackathons where students can add excellent features to it to advance its purpose and usage. To be an effective chatbot system, you need to have a good command over Python, AI, NLP (Natural Language Processing), and RPA (Robotic Process Automation) tools. And once you build this system, businesses could use it in their websites for customers as a virtual help-desk. Tech Required:"
AI and Machine Learning,Budget Tracker,"Next, consider developing a budget tracker tailored for students, aiding school and college-goers in efficiently managing their monthly expenses. This app will empower students to set budget limits, track expenditures, and establish financial goals for various needs. Tech Required: This hackathon project will not only enhance students' financial literacy but also provide practical skills in programming and data analytics."
Health,Fitness Tracker,"Another great project idea that participants can try working on for the hackathon is creating a fitness tracker. Nowadays, you see, everyone is interested in going to the gym and maintaining physical health, so all of us need a device wherein the workout can be planned. It should help the user monitor their daily activities, set fitness goals, and access guided workout routines. Tech Required: This project not only emphasizes UI/UX design and Java programming skills but also introduces participants to the integration of electronic devices and sensors for a comprehensive fitness tracking experience."
Health,Mental Health Support Platform,"With a lot of chaos going around, mental health is something that no one wants to compromise on. Developing a mental health support platform is of utter importance and use, where users get meditation guides, stress-relief exercises, and online counseling options. You can add interactive features that help users get their doubts cleared in a few steps. Tech Required:"
AI and Machine Learning,Home Automation System,"A home automation system is another great project idea for a hackathon that is used by various users to control smart devices in their homes with the help of a centralized app. You can advance your automation system by adding some advanced features to it, like on just a single touch, the light should go off, the security should be highly restricted, and communication and translation features. Tech Required:"
AI and Machine Learning,AI-Powered Personal Assistant,"Having an AI-powered personal assistant can help users to work with various tasks. These tasks can include setting reminders, answering questions, and managing schedules. You should have good knowledge of AI and ML techniques to develop this project. Tech Required:"
Jobs,Career Path Recommender,"Designing an app that helps students with recommending a career path would be of great help to them. This could be a good project idea for hackathons as it helps students with suggesting potential career paths based on a user’s skills, interests, and goals. To build this system, you need to be good at cloud computing, machine learning, and programming skills. Tech Required:"
Game,Create a Game Using JavaScript,"You can create an interesting game for anyone (be they of any age group). Use your JavaScript knowledge to create a simple and enjoyable game. Creating an advanced game with better features that stands out from the competition, will help you to win the hackathon. Tech Required:"
Environment,Environmental Monitoring Device,"This device can help you monitor the environment's health based on which you can take necessary precautions. This project idea is a good and innovative one for students to work on. It uses data and AI to produce key indicators. It checks the air quality, humidity, moisture, and other factors and helps you set up automated responses through SMS to keep you informed. Tech Required:"
Finance,Stock Market Analyzer,"This platform is a must for stock market enthusiasts which gives you hints and tips on what to buy and sell. Developing such an app would be of great help and is a great idea for hackathons where you can showcase your skills and create cool apps with interactive features. Tech Required: These project ideas for hackathons are the best ones for techies. You must try to work on a few of them and get an idea. Also, you must try to get the project done within 24 hours because that's the time limit you get when you're participating in any hackathon. So, it'll be better if you practice beforehand."
Personal Finance and Productivity,Personal Finance Tracker with Smart Budgeting,Many people struggle with managing their finances. This project helps individuals visualize their spending patterns and make informed financial decisions. AI recommendations make it smarter and more engaging.
Personal Finance and Productivity,Virtual Study Room with Focus Timers,Remote learning has increased the need for collaborative tools. This app enhances productivity by mimicking a study environment and providing useful features like break reminders.
Personal Finance and Productivity,Habit Tracker with Gamification,"Building habits is challenging, but gamification can make it fun. By rewarding users, this app encourages consistency and helps users achieve personal goals."
Personal Finance and Productivity,Goal-Oriented To-Do List,"Traditional to-do lists are often static. By connecting tasks to long-term objectives, this app motivates users to focus on what truly matters."
Personal Finance and Productivity,Automatic Email Organizer,Managing email overload is a common problem. This project uses natural language processing to simplify inbox management and improve productivity.
Health and Wellness,Mental Health Chatbot for Daily Check-Ins,"Mental health is a pressing issue, and access to support is limited. This chatbot creates a safe space for users to express their feelings and access helpful resources."
Health and Wellness,Fitness Goal Tracker with Real-Time Analytics,"Fitness goals are easier to achieve when progress is visible. By integrating data analytics, this app provides insights that keep users motivated."
Health and Wellness,Personalized Meal Planner,"Meal planning is time-consuming. This app automates the process, ensuring users stick to their dietary goals while enjoying variety."
Health and Wellness,Sleep Pattern Analyzer,"Good sleep is essential for health, but few people understand their sleep habits. This app provides actionable insights to improve rest quality."
Health and Wellness,Virtual Therapy Room,"Therapy can be expensive and inaccessible for many. This platform bridges the gap, making mental health support more reachable."
Social and Community Impact,Crowdsourced Local Event Finder,"Local event discovery apps often lack personalization. By crowdsourcing, this app makes event discovery more community-driven and engaging."
Social and Community Impact,Neighborhood Watch App,Community safety is a shared responsibility. This app encourages neighborhood collaboration to resolve local problems effectively.
Social and Community Impact,Volunteer Matching Platform,Many people want to help but do not know where to start. This app simplifies volunteering by connecting people to relevant opportunities.
Social and Community Impact,Community Polling and Feedback App,Public participation is essential for community development. This app empowers users to voice their opinions and shape their surroundings.
Social and Community Impact,Disaster Relief Coordination Tool,"In times of disaster, coordination is crucial. This tool streamlines efforts, ensuring help reaches those in need quickly."
AI and Machine Learning,AI-Powered Resume Reviewer,"Job seekers often struggle to tailor their resumes for different roles. This tool automates the process, increasing their chances of success."
AI and Machine Learning,Personalized News Aggregator Using AI,Information overload is a challenge. This app ensures users get relevant news without having to sift through unnecessary content.
AI and Machine Learning,Smart Recipe Generator,Cooking with limited ingredients can be frustrating. This app turns it into an enjoyable experience by suggesting creative recipes.
AI and Machine Learning,AI-Powered Language Tutor,"Language learning apps are popular, but adding AI creates a personalized and adaptive experience for users."
AI and Machine Learning,Stock Market Sentiment Analyzer,"Investors need data-driven insights. This project combines AI and finance, offering valuable predictions based on sentiment analysis."
Gaming and Entertainment,Multiplayer Puzzle Game with Real-Time Collaboration,"Multiplayer games promote teamwork and are highly engaging. This project combines game mechanics, real-time interaction, and collaborative problem-solving, making it an exciting challenge."
Gaming and Entertainment,AI-Generated Storytelling Platform,Storytelling apps are great for entertainment and education. This project leverages AI to create dynamic narratives that adapt to user preferences.
Gaming and Entertainment,Music Recommendation App for Mood-Based Playlists,"Music apps are competitive, but a focus on mood-based recommendations makes this app stand out. It combines sentiment analysis with personalized user experiences."
Gaming and Entertainment,AR-Based Scavenger Hunt Game,"AR enhances the gaming experience by blending the digital and physical worlds. This project is fun, interactive, and technically challenging."
Gaming and Entertainment,Video Editing Tool with AI Effects,"Video content is booming. This tool simplifies editing for creators, combining creativity with advanced AI processing."
Sustainability and Environment,Eco-Friendly Shopping Assistant,"With growing environmental awareness, this app fills a critical gap by empowering users to make sustainable shopping choices."
Sustainability and Environment,Smart Recycling Assistant,Recycling confusion leads to improper waste management. This project educates users and promotes better recycling habits through technology.
Sustainability and Environment,Carbon Footprint Tracker,"Climate change is a pressing issue. This app raises awareness and offers actionable solutions, encouraging users to adopt greener lifestyles."
Sustainability and Environment,Urban Farming Simulator,"Urban farming is growing in popularity, but knowledge barriers exist. This app combines education with gamification to make learning accessible and enjoyable."
Sustainability and Environment,Renewable Energy Consumption Dashboard,Energy consumption insights can inspire change. This dashboard helps users understand their energy patterns and transition to cleaner sources.
Hackathon Project Ideas for CSE (Computer Science & Engineering),Smart code auto-complete tool learns from open-source code.,A smart code auto-completion tool that learns suggestions from open-source code.
Hackathon Project Ideas for CSE (Computer Science & Engineering),Plagiarism detection app for coding homework with clear side-by-side reports.,"A coding homework plagiarism detection app that provides clear, side-by-side comparison reports."
Hackathon Project Ideas for CSE (Computer Science & Engineering),Real-time facial emotion detector for online exams to check student focus.,Real-time facial emotion analysis to monitor and gauge student focus during online exams.
Hackathon Project Ideas for CSE (Computer Science & Engineering),Blockchain student credential system to cut down resume fraud.,A blockchain-secured system for verifying student credentials to prevent resume fraud.
Hackathon Project Ideas for CSE (Computer Science & Engineering),Chatbot answers college FAQs using simple language and linked facts.,"A chatbot providing simple, sourced answers to college FAQs."
Hackathon Project Ideas for CSE (Computer Science & Engineering),AI debugging assistant spots errors and suggests fixes from logs.,An AI debugging assistant that analyzes logs to identify errors and recommend solutions.
Hackathon Project Ideas for CSE (Computer Science & Engineering),Virtual machine monitor saves resources and moves VMs live in clouds.,A virtual machine monitor that enables live VM migration in the cloud for dynamic resource optimization.
Hackathon Project Ideas for CSE (Computer Science & Engineering),Automated deploy pipeline with containers and AI flags strange events.,"An automated, containerized deployment pipeline with integrated AI for anomaly detection."
Hackathon Project Ideas for CSE (Computer Science & Engineering),Personalized learning site uses simple ML to pick coding tasks.,An ML-powered personalized learning platform recommending tailored coding tasks.
Hackathon Project Ideas for CSE (Computer Science & Engineering),Live team code editor with auto merge and built-in version control.,"A real-time collaborative code editor with integrated, auto-merging version control for seamless team development."
Hackathon Project Ideas with Source Code,Open-source COVID-19 symptom tracker built with React and Node.js.,An open-source COVID-19 symptom tracker for personal health monitoring.
Hackathon Project Ideas with Source Code,GitHub issue bot that tags and assigns tasks using simple AI models.,An AI-powered GitHub bot that automates issue tagging and task assignment.
Hackathon Project Ideas with Source Code,Weather app pulls public APIs and works well on phones.,"A mobile-optimized weather app leveraging public APIs for accurate, real-time forecasts."
Hackathon Project Ideas with Source Code,Encrypted chat app uses websockets and standard crypto libraries.,"An encrypted chat app providing secure, real-time communication through websockets and standard cryptographic libraries."
Hackathon Project Ideas with Source Code,Personal budget app with React front end and Flask back end plus charts.,A personal budget app offering clear financial insights through interactive charts.
Hackathon Project Ideas with Source Code,OCR document scanner uses Tesseract.js and stores files in the cloud.,A Tesseract.js-powered OCR document scanner that digitizes documents and stores the resulting files in the cloud.
Hackathon Project Ideas with Source Code,"E-commerce template with cart, payments, and an admin dashboard.","A complete e-commerce template with integrated cart, payments, and a robust admin dashboard for seamless online store management."
Hackathon Project Ideas with Source Code,Image recognition web app with TensorFlow.js that spots objects live.,"A web app for live, real-time object detection."
Hackathon Project Ideas with Source Code,Task reminder app with login and push notifications via Firebase.,A Firebase-powered task reminder app featuring user login and push notifications.
Hackathon Project Ideas with Source Code,Online code judge that runs many languages and shows live results.,"An online judge for multiple languages, providing instant code execution and live results."
Hackathon Project Ideas for ECE (Electronics and Communication Engineering),IoT smart street lights controlled and checked from a mobile app.,A mobile app for remotely controlling and monitoring IoT smart street lights.
Hackathon Project Ideas for ECE (Electronics and Communication Engineering),Automated irrigation with soil sensors and Arduino to save water.,An Arduino and soil sensor-powered automated irrigation system that precisely waters plants to conserve water.
Hackathon Project Ideas for ECE (Electronics and Communication Engineering),Gesture home control using motion sensors and Bluetooth modules.,Gesture-driven home control via motion sensors and Bluetooth.
Hackathon Project Ideas for ECE (Electronics and Communication Engineering),Real-time heart rate monitor that sends data to a phone wirelessly.,Wirelessly stream real-time heart rate data directly to your smartphone.
Hackathon Project Ideas for ECE (Electronics and Communication Engineering),Smart parking system using ultrasonic sensors and Raspberry Pi.,A smart parking system utilizing ultrasonic sensors and Raspberry Pi to provide real-time parking space availability.
Hackathon Project Ideas for ECE (Electronics and Communication Engineering),Wireless energy meter that reports power use over GSM networks.,Wireless energy meter reporting power consumption via GSM.
Hackathon Project Ideas for ECE (Electronics and Communication Engineering),"Vehicle crash detector using accelerometer, GPS, and GSM alerts.",An automated vehicle crash detection system that uses accelerometer data to send GPS-located emergency alerts via GSM.
Hackathon Project Ideas for ECE (Electronics and Communication Engineering),Voice control system for devices using signal processing methods.,A signal processing-driven voice control system for devices.
Hackathon Project Ideas for ECE (Electronics and Communication Engineering),Auto traffic signals that change with real-time vehicle counts via camera.,Camera-driven smart traffic signals that dynamically adjust timing based on real-time vehicle counts to optimize flow.
Hackathon Project Ideas for ECE (Electronics and Communication Engineering),Wireless sensor network that tracks farm data and shows it on the cloud.,A cloud-integrated wireless sensor network for real-time farm data monitoring.
Hackathon Winning Projects (Examples of categories/topics that have previously won),AI disaster warning system that uses many satellite and sensor feeds.,An AI-driven system provides early disaster warnings by synthesizing data from diverse satellite and sensor feeds.
Hackathon Winning Projects (Examples of categories/topics that have previously won),Blockchain e-voting platform that keeps votes private and clear.,"A blockchain e-voting platform ensuring private ballots and transparent, verifiable results."
Hackathon Winning Projects (Examples of categories/topics that have previously won),"Smart health monitor that links wearables, live analysis, and alerts.",A smart health monitor that continuously analyzes wearable data to deliver real-time insights and alerts.
Hackathon Winning Projects (Examples of categories/topics that have previously won),Fake news detector that checks text and media with deep learning.,A deep learning fake news detector for text and media content.
Hackathon Winning Projects (Examples of categories/topics that have previously won),Energy management system that uses IoT to cut smart grid use.,An IoT-driven energy management system to optimize smart grid consumption.
Hackathon Winning Projects (Examples of categories/topics that have previously won),Sign language app that turns gestures into speech or text with ML.,An ML-powered sign language interpreter that translates gestures into speech or text.
Hackathon Winning Projects (Examples of categories/topics that have previously won),Virtual internship platform that links students and companies in VR.,A virtual reality platform connecting students and companies for immersive virtual internships.
Hackathon Winning Projects (Examples of categories/topics that have previously won),Crop disease detector that uses phone images and AI models.,An AI-powered crop disease detector that analyzes smartphone images.
Hackathon Winning Projects (Examples of categories/topics that have previously won),Road safety system that uses smart traffic control and crash detection.,A road safety system integrating smart traffic control with crash detection.
Sustainability & Environment,Build an automatic smart waste sorting system for homes to raise recycling rates well.,An automated smart waste sorting system for homes to significantly increase residential recycling rates.
Sustainability & Environment,Design a mobile-application that tracks and cuts your daily carbon footprint with actionable insights.,A mobile app designed to track personal carbon footprints and provide actionable insights for their reduction.
Sustainability & Environment,"Build an loT-based irrigation system for farms, improving water use and better crop yield.","An IoT-powered smart irrigation system for farms, optimizing water usage and enhancing crop yields."
Sustainability & Environment,Create a small wearable-device to monitor and warn about local air quality pollution at once.,A wearable device that monitors and provides instant alerts for local air quality pollution.
Sustainability & Environment,Make an eco-friendly shopping-assistant app that suggests green brands and greener product choices.,An app that guides shoppers to make eco-friendly choices by recommending sustainable brands and greener product options.
Sustainability & Environment,Build an energy-consumption analyzer dashboard giving custom power-saving habits based on smart meter data.,A dashboard analyzing smart meter data to provide personalized energy-saving habits.
Sustainability & Environment,Start a virtual-tree plantation app that tracks collective user contributions and plants funded trees.,A virtual tree-planting app that transforms collective user contributions into real-world reforestation.
Sustainability & Environment,"Create a public-campaign tracker app urging plastic reduction, targeting schools and local business involvement.","A campaign tracker app for plastic reduction, engaging schools and local businesses in community efforts."
Sustainability & Environment,Build an automatic water leakage detector system with real-time notifications and data for home management.,An automated water leak detection system providing real-time alerts and data for proactive home management.
Sustainability & Environment,Build a site that helps homes cleverly cut food waste using expiry date reminders and recipes.,A platform that helps homes cleverly cut food waste by providing expiry date reminders and recipes designed to utilize expiring ingredients.
Sustainability & Environment,Build a recycling pickup scheduler app that coordinates local collection windows and community participation.,A scheduling app that coordinates community recycling pickups within local collection windows.
Sustainability & Environment,Make a green public transport planner that maps best eco-friendly routes for passengers in urban areas.,"An urban public transport planner mapping optimal, eco-friendly routes for passengers."
Sustainability & Environment,Watch solar panel performance with a smart-home dashboard that shows energy production and improvement tips.,A smart-home dashboard visualizes solar panel energy production and provides personalized optimization tips for improved efficiency.
Sustainability & Environment,Create an urban gardening planner tool linking aspiring gardeners and guides for rooftop and balcony farms.,This tool connects aspiring urban gardeners with expert guides to plan and optimize their rooftop and balcony farms.
Sustainability & Environment,Find nearby e-waste collection centers and run community recycling drives to cut tech-related landfill.,Connects communities to local e-waste centers and organizes collection drives to reduce tech landfill.
Sustainability & Environment,Build a real-time forest fire alert system using satellite data and crowdsourced local updates for safety.,A real-time forest fire alert system integrating satellite data with crowdsourced local updates for prompt safety.
Sustainability & Environment,Build a smart power-saver for homes with custom energy-saving settings and automatic shutoff features.,A smart home power manager that automatically optimizes energy consumption with personalized settings and device shutoff.
Sustainability & Environment,Improve rainwater harvesting with a smart app guide for installations and use in residential communities.,A smart app guides and optimizes residential rainwater harvesting through simplified installation and efficient use.
Sustainability & Environment,"Build a tracker for beach and lake cleanliness, mapping pollution spots and running local cleanup groups.",Track and map beach and lake pollution to mobilize and coordinate local cleanup initiatives.
Sustainability & Environment,Make eco-friendly challenges into a platform that tracks user actions and rewards green wins.,A platform that tracks user actions in eco-friendly challenges to reward green wins.
Mental Health & Wellness,Build an Al-powered emotion journal app that detects moods and trends in user-written notes.,An AI-powered emotion journal app that analyzes user-written notes to detect moods and identify emotional trends.
Mental Health & Wellness,Build an anonymous peer support chatbot that helps students share and get advice without showing identity.,A chatbot providing anonymous peer support for students to confidentially share experiences and receive advice.
Mental Health & Wellness,Build a mindfulness meditation app with interactive features guiding users through calm exercises and progress tracking.,An interactive mindfulness meditation app guiding users through calm exercises and tracking their progress.
Mental Health & Wellness,Start a burnout detection tool that studies activity patterns and warns users before stress gets too high.,A proactive burnout detection tool that analyzes activity patterns to warn users before stress levels become critical.
Mental Health & Wellness,Build a daily mental health check-in assistant that asks personal questions and gives wellness tips for users.,A daily mental health check-in assistant offering personalized prompts and tailored wellness tips.
Mental Health & Wellness,Create a mood tracking app using visual tips to read your feelings and emotional patterns over time.,A mood tracking app that uses visual cues to help users identify their feelings and understand their emotional patterns over time.
Mental Health & Wellness,"Make a stress analyzer that detects tension via typing or speech, and suggests timely coping techniques.",Analyzes typing and speech patterns to detect stress and suggest timely coping techniques.
Mental Health & Wellness,Build a digital detox scheduler that helps families and students plan healthy device breaks for balanced screen time.,Enables families and students to schedule healthy digital detox breaks for balanced screen time.
Mental Health & Wellness,"Give personal meditation reminders and data, improving frequency and length for better relaxation results.","Personalized reminders and data tracking to cultivate consistent, longer meditation sessions for deeper relaxation."
Mental Health & Wellness,Make a mental health resource finder that links users to verified counselors and self-help content fast.,A rapid mental health resource finder connecting users to verified counselors and self-help content.
Mental Health & Wellness,Build a peer support community app where students give and get encouragement through threaded discussion forums.,A peer support app enabling students to exchange encouragement through threaded discussions.
Mental Health & Wellness,Make a custom coping tool that delivers tips tailored to individual mental health challenges each day.,A personalized coping tool that delivers daily mental health tips tailored to individual challenges.
Mental Health & Wellness,"Offer a remote therapy booking site that matches students with affordable, vetted mental health pros at once.","An online platform for students to instantly book affordable, vetted remote therapy."
Mental Health & Wellness,Implement a Parkinsons early sign detector that studies subtle voice or screen-use changes in older users.,An early Parkinson's detector analyzing subtle vocal and digital behavior changes in older users.
Mental Health & Wellness,"Use image study for emotion recognition, helping caregivers read non-verbal cues in dependents early.",Image-based emotion recognition empowering caregivers to proactively identify early non-verbal cues in dependents.
Mental Health & Wellness,"Create peer-led emotional support groups inside schools that give moderated, safe spaces for mental health talks.","Building peer-led, moderated emotional support groups within schools to provide safe spaces for student mental health discussions."
Mental Health & Wellness,Make a sleep wellness tracker that shows patterns and suggests clear changes for better overnight rest.,A sleep wellness tracker offering personalized insights and actionable recommendations to optimize sleep.
Mental Health & Wellness,Make digital wellbeing habits fun for schools to teach students healthy online and offline routines with meaning.,"Making digital wellbeing education fun and meaningful for schools, fostering healthy online and offline student habits."
Mental Health & Wellness,Build a panic attack first-aid app that gives step-by-step help and guided breathing exercises for relief.,An app providing step-by-step first aid and guided breathing exercises for immediate panic attack relief.
Mental Health & Wellness,Companion app for cognitive behavioral therapy that guides students through journal prompts and challenges negative thoughts each day.,A daily CBT companion app that guides students through journaling and thought challenges to reframe negative thoughts.
Personal Productivity & EdTech,Start a student-focused personal finance tracker that automates budgets and spending alerts for smart money care.,A student-focused personal finance tracker that automates budgets and sends spending alerts for smart money care.
Personal Productivity & EdTech,Build a virtual study room app with focus timers and a distraction-free space for teamwork online.,A virtual study room app enabling distraction-free online teamwork through a focused environment with integrated timers.
Personal Productivity & EdTech,"Build a habit tracking app that makes routines into a game, rewarding consistency and growth with points and badges.","A habit tracking app that gamifies routines, rewarding consistency and growth with points and badges."
Personal Productivity & EdTech,"Make a goal-oriented to-do list that groups projects, tracks deadlines, and motivates with visual progress charts.","A goal-oriented task manager that groups projects, tracks deadlines, and motivates with visual progress charts."
Personal Productivity & EdTech,Build an automatic email organizer that uses natural language processing to sort and rank messages smartly.,An NLP-powered email organizer that intelligently sorts and ranks incoming messages.
Personal Productivity & EdTech,Create a smart notetaking app with built-in Al summarizer for quickly shrinking long lecture notes well.,An AI-powered smart notetaking app that efficiently summarizes lengthy lecture notes.
Personal Productivity & EdTech,"Establish an online exam repository for practice, covering major competitive exams and giving instant feedback and data.","An online platform providing comprehensive practice exams for major competitive tests, complete with instant feedback and performance analytics."
Personal Productivity & EdTech,Show skill development with a progress dashboard that maps finished tasks and suggests learning chances regularly.,A progress dashboard visualizing skill development by mapping completed tasks and recommending continuous learning opportunities.
Personal Productivity & EdTech,Make a flashcard revision game app with multiplayer play to engage users in quick memory challenges often.,"A multiplayer flashcard game designed to engage users in quick, competitive memory revision challenges."
Personal Productivity & EdTech,"Build a deadline tracker for classes and projects, sending calendar reminders and organizing due dates automatically.",An automated tracker that organizes all class and project deadlines and sends proactive calendar reminders.
Personal Productivity & EdTech,Add assignment reminders that use WhatsApp or SMS to tell students of upcoming project deadlines.,Automated WhatsApp/SMS reminders to notify students of upcoming assignment and project deadlines.
Personal Productivity & EdTech,Build an online peer tutoring portal that links students in need with subject-expert volunteers for one-on-one help.,An online portal connecting students with volunteer subject-matter experts for one-on-one tutoring.
Personal Productivity & EdTech,"Build a plagiarism checker for school projects, showing matches and giving guidance on proper citations.",A plagiarism checker for school projects that identifies copied content and provides guidance on proper citations.
Personal Productivity & EdTech,Build an intelligent revision buddy app that plans review sessions based on user performance and subject difficulty.,An intelligent revision app that adaptively schedules personalized study sessions based on user performance and subject difficulty.
Personal Productivity & EdTech,Automate resource organization for schoolwork by matching syllabus topics with curated online materials and helpful links.,Automatically organize study materials by matching syllabus topics with curated online resources.
Personal Productivity & EdTech,"Build a readability helper for essays, improving clarity and suggesting stronger words in real-time reviews.",A real-time essay readability tool that boosts clarity and vocabulary.
Personal Productivity & EdTech,Start a VR/AR-powered learning lab that gives immersive science experiences and hands-on lessons for deeper learning.,"A VR/AR-powered learning lab offering immersive, hands-on science experiences to foster deeper understanding."
Personal Productivity & EdTech,Build an attendance scanner that reads student IDs and shows participation data on user-friendly dashboards.,An ID-scanning attendance system for automated tracking and dashboard visualization of student participation.
Personal Productivity & EdTech,Make a smart study material recommendation engine that suggests resources based on each learning style and test history.,An adaptive engine that delivers personalized study material recommendations by analyzing individual learning styles and test history.
Personal Productivity & EdTech,Build a mock interview platform that trains freshers with real scenarios and tailored feedback from industry pros.,A mock interview platform training freshers with realistic scenarios and personalized feedback from industry professionals.
Al & Machine Learning,Create a chatbot system for student frequently asked questions using advanced natural language understanding tech.,An advanced NLU chatbot designed to answer student frequently asked questions.
Al & Machine Learning,Build a smart stock market analyzer that uses Al to show trends and give usable investment predictions.,An AI-powered stock market analyzer that generates actionable investment predictions based on trend analysis.
Al & Machine Learning,Make a fake news detector app that uses machine learning and NLP to flag wrong info in online articles fast.,An AI-powered app that rapidly flags misinformation in online articles.
Al & Machine Learning,"Build an Al-powered personal assistant for daily task management, calendar alerts, and work improvement tips.","An AI-powered personal assistant that intelligently manages daily tasks, optimizes schedules, and provides personalized productivity tips."
Al & Machine Learning,Make a visual disease check tool for plants that finds symptoms from uploaded images using Al models.,An AI-powered visual tool for diagnosing plant diseases from uploaded images.
Al & Machine Learning,"Build a document summarizer bot that shortens reports, articles, and web pages for easier reading and study.","A document summarizer bot to condense reports, articles, and web pages for easier reading and study."
Al & Machine Learning,Add a face recognition smart locker that lets users open secure storage via authorized biometric access.,"A smart locker system providing secure, individual storage unlocked via authorized face recognition."
Al & Machine Learning,Build an Al game opponent that adapts strategies to user skill and past playing patterns.,An AI game opponent that intelligently adapts its strategies to match user skill and individual playing patterns.
Al & Machine Learning,"Enable emotion detection via cameras, reading facial expressions to improve interaction in learning or gaming platforms.",Utilize camera-based facial emotion detection to create more adaptive and engaging interactions in learning and gaming.
Al & Machine Learning,Build a music genre and classical piece identifier app that studies audio files for genre sorting.,An audio analysis app that categorizes music by genre and identifies classical pieces for organized sorting.
Al & Machine Learning,Build a real-time speech translator app that converts spoken words between languages for students and travelers worldwide.,A real-time speech translator app that instantly converts spoken words between languages for students and travelers worldwide.
Al & Machine Learning,Create an image caption generator tool that reads photos and writes creative descriptions using deep neural networks.,An AI tool leveraging deep neural networks to generate creative captions directly from images.
Al & Machine Learning,"Start an automatic code grader platform for code submissions, giving fair feedback and scoring at once.",An automated platform instantly grading code submissions to provide fair feedback and scores.
Al & Machine Learning,"Make a language learning assistant app that checks pronunciation and grammar, with Al-powered tailored improvement tips.",An AI-powered language assistant providing personalized feedback on pronunciation and grammar for improved learning.
Al & Machine Learning,"Tailor content recommendations for users using machine learning to predict relevant videos, articles, and study materials.","Machine learning powers personalized recommendations for videos, articles, and study materials."
Al & Machine Learning,Build an Al resume reviewer that scores student resumes and suggests fixes based on job market trends.,An AI-powered resume reviewer that scores and optimizes student resumes based on current job market trends.
Al & Machine Learning,Automate expense sorting with an Al engine that groups transactions by common merchant types and purchase intent.,"AI-driven expense automation, intelligently categorizing transactions by merchant and purchase intent."
Al & Machine Learning,Make Al-based digital art using deep learning models trained on famous artist styles and user likes.,Generate personalized AI digital art using deep learning models trained on famous artist styles and individual user preferences.
Al & Machine Learning,Build an automatic scheduler app using ML to find best meeting times and fix conflicts smoothly.,An ML-powered app that automatically finds optimal meeting times and seamlessly resolves calendar conflicts.
Al & Machine Learning,"Suggest tailored career paths for students by studying interests, skills, and trending job market chances dynamically.","Dynamically maps student interests and skills to tailored career paths, leveraging real-time job market trends."
FinTech & Financial Literacy,Build an expense and budget tracker made for students to teach smart personal finance habits.,An expense and budget tracker for students designed to cultivate smart personal finance habits.
FinTech & Financial Literacy,Make an investment portfolio suggestion platform using Al to match users with best-fit asset mixes simply.,An AI platform that simplifies investment portfolio creation by intelligently matching users with best-fit asset mixes.
FinTech & Financial Literacy,"Build a shared expense splitter app for groups, tracking contributions, and sending reminders for uneven balance settlements.",An app to simplify group expense splitting by tracking contributions and automating reminders for fair balance settlement.
FinTech & Financial Literacy,"Drive savings goals with a visual progress chart, gamifying the personal finance path for young users.",A gamified visual savings tracker that empowers young users to achieve their financial goals.
FinTech & Financial Literacy,Watch real-time cryptocurrency prices and send personal alerts to tell students about big market swings at once.,A real-time cryptocurrency price monitor that sends personalized alerts for significant market swings.
FinTech & Financial Literacy,"Make a peer-to-peer microloan platform for short emergency borrowing, with secure checks and repayment systems.","A peer-to-peer microloan platform for urgent, short-term financial needs that securely facilitates borrowing and repayment."
FinTech & Financial Literacy,Find scholarships with an automated search engine that gives results based on academic records and student eligibility.,An automated engine matching students to personalized scholarships based on their academic records and eligibility.
FinTech & Financial Literacy,"Manage digital allowances for kids and teens, giving parents clear views and control via custom mobile dashboards.",A mobile dashboard empowering parents to manage and oversee digital allowances for their kids and teens with clear views and control.
FinTech & Financial Literacy,"Track bill payments and send automatic reminders for roommates, cutting missed deadlines and shared home conflicts.","Streamlines roommate bill payments with automatic reminders, preventing missed deadlines and shared living conflicts."
FinTech & Financial Literacy,"Build a financial literacy game for teens, copying real money challenges and decision scenes for learning.","Here are a few concise options:

1.  **An interactive game that teaches teens financial literacy by simulating real-world money challenges and critical decision-making scenarios.**
2.  **Empower teens with practical financial literacy through an interactive game simulating real-world money challenges and crucial economic decisions.**"
FinTech & Financial Literacy,"Organize rent payments with a tracker that stores landlord info, invoices, and payment history safe for each student.","A secure digital ledger for students to track and organize all rent payments, invoices, and landlord information."
FinTech & Financial Literacy,Teach kids pocket money management with an app that lets practice budgeting and goal setting from a young age.,An app that teaches kids pocket money management through interactive budgeting and goal setting from a young age.
FinTech & Financial Literacy,"Automate tax math for freelancers and gig workers, adding deduction tips and legal compliance alerts.","Automates tax preparation for freelancers and gig workers, maximizing deductions and ensuring legal compliance."
FinTech & Financial Literacy,"Search for nearby ATMs on a locator map, adding community ratings for safety during planned financial tasks.",A map-based ATM locator that integrates community safety ratings for secure financial tasks.
FinTech & Financial Literacy,Track charitable donations with a site that shows giving impact over time and boosts reporting for contributions.,"A web platform that tracks charitable donations, visualizes their cumulative impact, and streamlines reporting for contributions."
FinTech & Financial Literacy,"Allow contactless payments at campus cafeterias, cutting wait times and backing cashless payments for students easily.","**Streamlining campus cafeteria payments with contactless technology for quicker, cashless student transactions.**"
FinTech & Financial Literacy,"Read and pull financial data from receipts via a smart scanner, sorting expenses for quick entry in budgets.",A smart scanner that extracts and categorizes financial data from receipts for automated budget entry.
FinTech & Financial Literacy,Compare prices with an Al bot that searches top e-commerce sites for best deal tips on each purchase.,An AI bot that compares prices across major e-commerce sites to deliver optimal deal tips on every purchase.
FinTech & Financial Literacy,"Organize crowdfunding campaigns with user-friendly dashboards, backing fundraising for school projects and local social causes.",User-friendly crowdfunding campaigns designed to fund school projects and local social causes through intuitive dashboards.
FinTech & Financial Literacy,Manage college fee installments with a payment organizer tool for better budgeting and timely tuition payments by students.,A payment organizer empowering students to budget and ensure timely college fee installments.
Health Tech & Wellness Apps,"Track fitness activities with an app that counts steps, calories, and gives health progress visuals each day.","An app tracking daily steps and calories, providing visual fitness progress."
Health Tech & Wellness Apps,Study nutritional intake and give diet tips using a personal nutrition app powered by health data.,A personal nutrition app that leverages health data to analyze intake and provide tailored diet tips.
Health Tech & Wellness Apps,"Remind users to drink water often with smart notifications and hydration tracking, making daily intake balanced.",Smart notifications and hydration tracking to ensure optimal daily water intake.
Health Tech & Wellness Apps,Link users to health emergency numbers and hospitals with a quick-access button in urgent situations.,A quick-access button instantly connects users to emergency health services and nearby hospitals in urgent situations.
Health Tech & Wellness Apps,Make custom workout plans fit to users' goals and time with an automatic fitness planner app.,An automatic fitness planner app that generates personalized workout plans tailored to user goals and availability.
Health Tech & Wellness Apps,Track medication expiry dates for homes and send mobile alerts to stop accidental use of expired drugs.,Track home medication expiry dates and receive mobile alerts to prevent accidental use of expired drugs.
Health Tech & Wellness Apps,Watch patients remotely with wearable sensors that send vital data to family and healthcare providers safely.,Wearable sensors securely transmit patient vital data to family and healthcare providers for remote monitoring.
Health Tech & Wellness Apps,Make a chatbot symptom checker that gives first health guidance and triage to help with initial diagnosis questions.,A chatbot symptom checker providing initial health guidance and triage for preliminary diagnosis questions.
Health Tech & Wellness Apps,Remind users about vaccines and shots needed for them or their kids with a calendar-driven notification system.,A calendar-driven notification system providing proactive reminders for personal and family immunization schedules.
Health Tech & Wellness Apps,"Create a directory for mental health resources, sorting counselors, helplines, and self-help guides for easy reach.","A centralized, easily searchable directory that compiles and sorts diverse mental health resources—counselors, helplines, and self-help guides—for quick access and support."
Health Tech & Wellness Apps,"Book online doctor visits using a simple appointment scheduler, making medical care smooth for busy students.",A simple online scheduler enabling busy students to easily book telehealth appointments.
Health Tech & Wellness Apps,"Plan diabetic-friendly daily meals with nutrition data, helping steady blood sugar and healthy eating plans.","Generates personalized, nutrition-data-driven meal plans for diabetics to stabilize blood sugar and promote healthy eating habits."
Health Tech & Wellness Apps,Warn users to fix poor posture during study or computer work with a smart sensor feedback system on devices.,A smart sensor system providing real-time feedback to warn users and facilitate the correction of poor posture during desk work.
Health Tech & Wellness Apps,"Organize health records digitally, saving prescriptions, visits, vaccination dates, and insurance safely for each user.","A secure digital platform for users to centralize and manage their complete personal health records, including prescriptions, visits, vaccinations, and insurance information."
Health Tech & Wellness Apps,Find nearby blood donation camps and run events for students with a community-based mobile platform.,A community-based mobile platform enabling students to discover nearby blood donation camps and organize local donation events.
Health Tech & Wellness Apps,Call ambulances fast with a real-time tracking app that shares location and medical state during emergencies.,An app that expedites emergency ambulance response by sharing real-time location and vital patient medical information.
Health Tech & Wellness Apps,"Make health challenges into a game, rewarding users for meeting daily goals for fitness, food, and sleep gains.","Gamifying daily fitness, nutrition, and sleep challenges, this project rewards users for consistently meeting their health goals."
Health Tech & Wellness Apps,Check skin problems or hair loss with a mobile app using image study and Al-based tips.,"An AI-powered mobile app analyzes user images to detect skin and hair concerns, providing personalized advice."
Health Tech & Wellness Apps,Set children's vaccinations and give parents learning info via a combined calendar reminder system app.,"Empower parents with a unified app providing children's vaccination reminders, scheduling, and educational health resources."
Health Tech & Wellness Apps,"Study sleep patterns, spot disturbances, and suggest changes for better overnight rest in a focused app.","An app that analyzes sleep patterns, identifies disturbances, and provides personalized recommendations to optimize overnight rest."
Social Impact & Community,"Build a site that coordinates disaster response, matching volunteers to real-time local needs and rescue work.",A real-time platform coordinating disaster response by matching volunteers with immediate local needs and rescue operations.
Social Impact & Community,"Make a missing person report tool that lets users submit cases, location updates, and group investigation with neighbors.","A collaborative platform enabling community members to report missing persons, share location updates, and organize neighbor-led investigations."
Social Impact & Community,"Schedule and run community volunteer events, sending invites, reminders, and progress updates to boost involvement via an app.","An app to streamline community volunteer event management, boosting involvement through integrated invites, reminders, and progress updates."
Social Impact & Community,"Build an online auction site for charity, growing fundraising reach with interactive digital bidding features.",An interactive online auction platform for charities to amplify fundraising reach through engaging digital bidding.
Social Impact & Community,Make an app that links restaurants with volunteers to donate extra food fast to people in need nearby.,"This app connects restaurants with volunteers for rapid, local delivery of surplus food to people in need."
Social Impact & Community,"Start a language exchange platform, matching users and learners to practice conversation in global communities online.",An online platform matching global language learners for conversational practice.
Social Impact & Community,"Build an event buddy finder app that helps solo attendees connect before campus events, encouraging friendship and joining in.",An app connecting solo attendees before campus events to facilitate new friendships and shared experiences.
Social Impact & Community,Create a support network that links the elderly with local volunteers for daily errands and company activities.,Connects seniors with local volunteers for daily errands and social activities.
Social Impact & Community,"Make a marketplace for skill sharing, letting people offer lessons or services and earn or swap credits.",A skill-sharing marketplace allowing users to offer lessons and services to earn or swap credits.
Social Impact & Community,"Match blood donors with recipients, sending alerts for urgent needs through a community mobile notification app.",A mobile app connecting blood donors with recipients through urgent community alerts.
Social Impact & Community,"Build a neighborhood crime alert system that shows incidents and safety info to residents, raising security awareness locally.",Develop a neighborhood crime alert system that provides residents with local crime and safety information to enhance community security awareness.
Social Impact & Community,"Run school bag donation drives to help underprivileged children, using an app for coordination and progress tracking.",Digitally coordinating and tracking school bag donation drives to provide underprivileged children with essential school supplies.
Social Impact & Community,"Start a voter awareness platform that teaches citizens about registration, polling sites, and the value of voting.",A platform that educates citizens on the voting process and the fundamental value of their democratic participation.
Social Impact & Community,Build a women’s safety map that allows incident reports and shows threat zones to help safer travel for users.,A women's safety map that crowdsources incident reports and displays threat zones to guide users towards safer travel routes.
Social Impact & Community,"Make a community lost and found board app that logs and reunites lost items, improving campus honesty culture.",A campus lost and found app that efficiently reunites forgotten items and fosters a culture of honesty.
Social Impact & Community,"Reward school attendance with a program giving points, badges, and classroom recognition for steady participation.","An incentive program that boosts consistent school attendance through points, badges, and classroom recognition."
Social Impact & Community,"Suggest accessibility fixes by crowdsourcing ideas for public spaces, helping make communities open for everyone.",**Crowdsourcing accessibility improvements for public spaces to create more inclusive communities.**
Social Impact & Community,Track NGO volunteer work and hours with an app that aids reporting and impact measurement for charity efforts.,"An app enabling NGOs to track volunteer work and hours, simplifying reporting and demonstrating charitable impact."
Social Impact & Community,"Find resources for rural schools by mapping assets and matching donors, helping remote school needs with clear tracking.",Connecting rural schools with matched donors through transparent asset mapping and resource tracking.
Social Impact & Community,"Plan urban community gardens, organizing work, materials, and member tasks using digital tools for local green work.","A digital platform to plan and manage urban community gardens, streamlining task, material, and member coordination."
"Gaming, IoT, and Smart Campus",Build a JavaScript arcade game template students can change with new levels and extra challenges.,A JavaScript arcade game template students can customize with new levels and challenges.
"Gaming, IoT, and Smart Campus",Make a multiplayer campus quiz where players compete in trivia matches about university facts and events.,A competitive multiplayer campus quiz on university facts and events.
"Gaming, IoT, and Smart Campus",Design a gamified fitness challenge that tracks friends’ workouts and shows leaderboard progress each day for engagement.,A gamified platform for friends to track daily workouts and compete on a real-time leaderboard.
"Gaming, IoT, and Smart Campus",Start a coding puzzle platform that automatically scores and gamifies user submissions with achievement badges as rewards.,A gamified coding puzzle platform offering automatic scoring and achievement badge rewards for user submissions.
"Gaming, IoT, and Smart Campus",Program an adaptive AI game opponent that learns strategies and raises difficulty as students get better at skills.,"An adaptive AI game opponent that learns player strategies to progressively scale difficulty, continuously challenging students as their skills improve."
"Gaming, IoT, and Smart Campus",Build a VR memory training game that uses immersive environments to improve focus and memory hold.,"An immersive VR game designed to improve memory and focus through engaging, virtual environments."
"Gaming, IoT, and Smart Campus","Set up a real-time multiplayer lobby, enabling instant game matches between students and campus peers with ease.",A real-time lobby enabling campus peers to instantly connect and play multiplayer games together.
"Gaming, IoT, and Smart Campus","Host a campus-wide treasure hunt using QR codes and clues, engaging students in fun, interactive adventures.",Host a QR-code-powered campus treasure hunt to engage students in interactive adventures.
"Gaming, IoT, and Smart Campus","Map smart campus navigation, helping students find rooms and buildings faster with AR overlays and live directions.","AR-enhanced campus navigation provides live directions, helping students quickly locate any room or building."
"Gaming, IoT, and Smart Campus","Enable contactless event check-in with NFC cards or phones, smoothing campus entry during busy events.","Enable contactless NFC check-in for swift, seamless campus event entry."
"Gaming, IoT, and Smart Campus",Make an IoT classroom energy monitoring dashboard that shows power use and suggests cost-saving actions at once.,An IoT dashboard providing real-time classroom energy monitoring and actionable cost-saving recommendations.
"Gaming, IoT, and Smart Campus","Build a smart locker system using RFID access, boosting campus security and user convenience for personal storage needs.",An RFID-accessed smart locker system enhancing campus security and user convenience for personal storage on campus.
"Gaming, IoT, and Smart Campus",Start a lost and found network using IoT tags to track misplaced student items across the school campus.,A campus-wide IoT lost and found system for tracking and recovering student belongings.
"Gaming, IoT, and Smart Campus","Make a smart attendance system using face recognition cameras, auto-marking presence and cutting manual record errors.",A face-recognition-powered attendance system that automates presence tracking and eliminates manual errors.
"Gaming, IoT, and Smart Campus","Program a digital notice board for remote announcements, pushing schedule changes to student devices and campus displays easily.",A centralized digital notice board broadcasting real-time announcements and schedule changes to student devices and campus displays.
"Gaming, IoT, and Smart Campus","Watch cafeteria table occupancy with sensors, helping students pick seats and avoid crowded times at lunch.","Sensors provide real-time cafeteria table occupancy data, helping students find seats faster and bypass peak lunch crowds."
"Gaming, IoT, and Smart Campus","Help book smart lab equipment, letting students reserve machines and see live availability for research fast.",Streamlining student lab equipment reservations by providing real-time availability and direct booking.
"Gaming, IoT, and Smart Campus","Enable real-time event polling during campus functions, collecting feedback and opinions from students on a mobile site at once.",Enable real-time mobile polling for students to instantly provide feedback and opinions during campus functions.
"Gaming, IoT, and Smart Campus","Link student ID cards with IoT apps for payment, access, and attendance tracking across school facilities.","IoT-enabled student ID cards for integrated campus payment, access, and attendance tracking."
"Gaming, IoT, and Smart Campus","Create a gamified campus parking spot finder that guides users to open spaces, cutting wait times and frustration.","A gamified campus parking spot finder that guides users to open spaces, cutting wait times and frustration."
Education Technology (EdTech),Interactive Learning Platforms,"Developing engaging, personalized platforms that make learning interactive and effective."
Education Technology (EdTech),Adaptive Learning Systems,Personalized learning platforms that dynamically adapt content and pace to each student's unique needs and progress.
Education Technology (EdTech),Virtual Reality (VR) Classroom Experiences,Immersive VR experiences designed to transform classroom education through interactive virtual environments.
Education Technology (EdTech),AI-Powered Personalized Tutoring,An AI tutor offering personalized and adaptive learning.
Education Technology (EdTech),Gamified Educational Apps,Gamified Educational Apps blend learning with engaging gameplay to make education more interactive and fun.
Education Technology (EdTech),Student Collaboration Platforms,"A digital platform designed to streamline and enhance student collaboration, communication, and resource sharing for academic success."
Education Technology (EdTech),Automated Grading Systems,It automates the evaluation and scoring of student submissions.
Education Technology (EdTech),Language Learning Apps with AI Assistance,**AI-powered language learning apps offering personalized and adaptive instruction.**
Education Technology (EdTech),Augmented Reality (AR) Educational Tools,Augmented Reality tools designed to bring educational content to life for interactive and immersive learning experiences.
Education Technology (EdTech),Blockchain for Academic Credentials,"A blockchain solution for secure, tamper-proof academic credential verification."
Health and Wellness,Personalized Health Monitoring Apps,Personalized apps that track individual health data and deliver tailored insights for proactive well-being management.
Health and Wellness,Telemedicine Platforms for Remote Consultations,Virtual platforms enabling remote medical consultations.
Health and Wellness,Mental Health Support Chatbots,AI-powered chatbots providing accessible and empathetic mental health support.
Health and Wellness,Nutrition Tracking and Planning Apps,An app for tracking nutritional intake and planning personalized meals to achieve health and wellness goals.
Health and Wellness,Fitness Gamification Applications,**Gamified applications designed to boost fitness motivation and make achieving health goals an engaging experience.**
Health and Wellness,AI-Powered Health Predictions,"Utilizing AI to predict future health risks and empower proactive, personalized care."
Health and Wellness,Remote Patient Monitoring Systems,"Develop a system for continuous, remote monitoring of patient health data to provide actionable insights for proactive care."
Health and Wellness,Community Health Engagement Platforms,Empowering communities to improve health outcomes through engaging digital platforms and accessible resources.
Health and Wellness,Sleep Tracking and Improvement Tools,**Track sleep patterns and provide personalized tools to optimize rest.**
Health and Wellness,Emergency Response and Health Alert Systems,A system designed to deliver immediate alerts and coordinate swift responses for health emergencies and critical incidents.
Financial Technology (FinTech),Digital Wallet Security Enhancements,Implementing advanced security layers to safeguard digital wallets and user assets from evolving threats.
Financial Technology (FinTech),Peer-to-Peer Lending Platforms,"A platform enabling individuals to directly lend and borrow money from each other, bypassing traditional financial institutions."
Financial Technology (FinTech),Role of Blockchainfor Secure Transactions,"Leveraging blockchain's inherent immutability and decentralization to ensure secure, transparent, and verifiable transactions."
Financial Technology (FinTech),Automated Investment Advisory Systems,An automated system providing intelligent investment advice and portfolio management.
Financial Technology (FinTech),Fraud Detection and Prevention Solutions,Developing solutions to detect and prevent fraudulent activities.
Financial Technology (FinTech),Cryptocurrency Payment Integration,Enabling seamless cryptocurrency transactions within existing payment systems.
Financial Technology (FinTech),Personal Finance Management Apps,"An application providing tools for users to track spending, manage budgets, and improve their overall financial health."
Financial Technology (FinTech),Open Banking Platforms,"Develop API-driven platforms to securely share financial data, fostering innovation and new financial services."
Financial Technology (FinTech),Insurtech Innovations,Develop innovative technology solutions to transform the insurance industry.
Financial Technology (FinTech),Algorithmic Trading Tools,"A toolkit for designing, backtesting, and deploying robust algorithmic trading strategies."
Cybersecurity and Privacy,Advanced Threat Detection Systems,Building AI-powered systems that proactively detect and predict evolving cyber threats.
Cybersecurity and Privacy,Secure Password Management Solutions,A robust solution for securely managing and protecting all digital passwords and credentials.
Cybersecurity and Privacy,Biometric Authentication Implementations,Implementing biometric authentication for secure identity verification.
Cybersecurity and Privacy,Privacy-Focused Web Browsing Tools,Developing tools to ensure private and secure web browsing.
Cybersecurity and Privacy,Blockchain for Enhanced Data Security,"Leveraging blockchain to establish tamper-proof, verifiable data integrity for enhanced security."
Cybersecurity and Privacy,AI-Driven Cybersecurity Incident Response,Leveraging AI for autonomous and accelerated cybersecurity incident detection and response.
Cybersecurity and Privacy,End-to-End Encrypted Communication Apps,Developing end-to-end encrypted communication applications to ensure maximum user privacy and data security.
Cybersecurity and Privacy,Quantum-Safe Cryptography Solutions,Developing and implementing quantum-safe cryptographic solutions to protect digital assets from future quantum computer attacks.
Cybersecurity and Privacy,Security Awareness Training Platforms,A platform delivering targeted security awareness training to empower users and strengthen an organization's human defense against cyber threats.
Cybersecurity and Privacy,Secure IoT Network Frameworks,Develops comprehensive frameworks to ensure robust and inherent security across diverse IoT networks.
Augmented Reality (AR) and Virtual Reality (VR),AR-Based Navigation for Visually Impaired,AR-based navigation empowering the visually impaired with enhanced environmental awareness and guidance.
Augmented Reality (AR) and Virtual Reality (VR),Virtual Campus Tours for Education,Interactive virtual campus tours showcasing educational institutions to prospective students.
Augmented Reality (AR) and Virtual Reality (VR),Immersive Virtual Meetings and Conferences,"Creating immersive, interactive 3D virtual environments to revolutionize meetings and conferences beyond traditional video calls."
Augmented Reality (AR) and Virtual Reality (VR),AR-Assisted Maintenance and Repair Guides,"Augmented reality overlays provide interactive, step-by-step visual guidance for maintenance and repair tasks."
Augmented Reality (AR) and Virtual Reality (VR),Virtual Art Galleries and Exhibitions,Virtual platforms for immersive art gallery and exhibition experiences.
Augmented Reality (AR) and Virtual Reality (VR),AR-Enhanced Learning in Museums,Augmented reality delivering interactive and immersive learning experiences for museum visitors.
Augmented Reality (AR) and Virtual Reality (VR),VR Therapy for Mental Health,Utilizing virtual reality to deliver immersive therapeutic experiences for mental health treatment and support.
Augmented Reality (AR) and Virtual Reality (VR),Real-Time Language Translation in AR,Real-time language translation visually overlaid onto the real world via augmented reality.
Augmented Reality (AR) and Virtual Reality (VR),VR-Based Physical Rehabilitation Programs,An immersive VR platform delivering interactive and engaging physical rehabilitation programs to guide patient recovery.
Augmented Reality (AR) and Virtual Reality (VR),AR Shopping Experiences,"Augmented reality overlays transform traditional retail into immersive, interactive shopping experiences."
Internet of Things (IoT) Applications,Smart Home Automation System,Automates and centrally manages connected home devices for enhanced convenience and efficiency.
Internet of Things (IoT) Applications,IoT-Based Environmental Monitoring,An IoT-powered system providing real-time environmental monitoring for actionable insights.
Internet of Things (IoT) Applications,Health Monitoring Wearables,"Leveraging wearable technology for continuous, personalized health monitoring and actionable insights."
Internet of Things (IoT) Applications,Connected Car Solutions for Safety and Efficiency,Building connected car solutions for improved safety and efficiency.
Internet of Things (IoT) Applications,Industrial IoT for Predictive Maintenance,"Leveraging Industrial IoT sensors to monitor equipment health and predict failures, enabling proactive maintenance and preventing costly downtime."
Internet of Things (IoT) Applications,Smart Agriculture with IoT Sensors,Optimize agricultural practices by deploying IoT sensors to gather real-time data for smart decision-making.
Internet of Things (IoT) Applications,Energy-Efficient Building Management Systems,Intelligent systems that automate and optimize building operations to drastically reduce energy consumption.
Internet of Things (IoT) Applications,IoT-Based Asset Tracking in Logistics,**IoT-enabled real-time asset tracking to optimize logistics operations.**
Internet of Things (IoT) Applications,IoT for Water Quality Monitoring,IoT-enabled real-time water quality monitoring and data analysis.
Internet of Things (IoT) Applications,Connected Retail with Smart Shelves and Inventory,"Leveraging smart shelves for real-time, automated inventory management within connected retail environments."
Artificial Intelligence (AI) for Problem Solving,AI-Powered Virtual Personal Assistant,"An AI assistant revolutionizing daily productivity through personalized, intuitive virtual support."
Artificial Intelligence (AI) for Problem Solving,Automated Customer Support Chatbot,An AI-powered chatbot designed to efficiently resolve customer inquiries autonomously.
Artificial Intelligence (AI) for Problem Solving,Predictive Maintenance Systems for Machinery,Predict machinery breakdowns to optimize maintenance schedules and prevent costly downtime.
Artificial Intelligence (AI) for Problem Solving,Fraud Detection in Financial Transactions,Developing a system for real-time detection and prevention of fraudulent financial transactions.
Artificial Intelligence (AI) for Problem Solving,Medical Diagnosis Support with AI,Leveraging AI to provide intelligent diagnostic support for medical professionals.
Artificial Intelligence (AI) for Problem Solving,Natural Language Processing for Document Summarization,Harnesses Natural Language Processing to automatically generate concise summaries from documents.
Artificial Intelligence (AI) for Problem Solving,AI-Enhanced Language Translation Services,"Developing an AI-powered service for superior, context-aware, and natural language translation."
Artificial Intelligence (AI) for Problem Solving,Traffic Flow Optimization with AI Algorithms,AI-driven dynamic optimization of urban traffic flow.
Artificial Intelligence (AI) for Problem Solving,AI-Driven Crop Disease Detection in Agriculture,Leveraging AI for rapid and accurate crop disease detection to improve agricultural yields.
Artificial Intelligence (AI) for Problem Solving,Automated Code Review and Enhancement Tools,"Automates code review, identifying issues and suggesting actionable enhancements for improved code quality."
Data Analytics and Visualization,Real-Time Business Intelligence Dashboards,"Transforming live business data into actionable insights via interactive, real-time dashboards."
Data Analytics and Visualization,Predictive Analytics for Stock Market Trends,Forecasting stock market trends through predictive analytics.
Data Analytics and Visualization,Healthcare Data Analytics for Disease Prediction,Applying data analytics to healthcare records for precise disease prediction.
Data Analytics and Visualization,Social Media Sentiment Analysis Tool,Analyzes social media content to gauge public sentiment and emotional tone.
Data Analytics and Visualization,Energy Consumption Analytics for Sustainability,Analyzes energy consumption data to identify inefficiencies and optimize for improved sustainability.
Data Analytics and Visualization,Energy Consumption Analytics for Sustainability,Providing actionable insights from energy consumption data to drive sustainable practices.
Data Analytics and Visualization,Educational Performance Tracking and Improvement,Tracks academic performance to identify and drive personalized learning improvement.
Data Analytics and Visualization,Customer Behavior Analytics for E-Commerce,Delivers actionable insights into e-commerce customer behavior to optimize sales and personalize experiences.
Data Analytics and Visualization,Climate Change Data Visualization Platform,An interactive platform transforming complex climate change data into understandable visualizations.
Data Analytics and Visualization,Crime Mapping and Analysis Tool,"Maps and analyzes crime data to visualize patterns, trends, and hot spots for actionable insights."
Data Analytics and Visualization,Sports Performance Analytics for Athletes,Empowers athletes with data-driven insights to optimize their sports performance and training.
Gaming and Entertainment,Immersive Virtual Reality (VR) Games,Immersive VR games that transport players into virtual worlds.
Gaming and Entertainment,AI-Powered Storyline Generation for Games,An AI engine that generates dynamic and adaptive storylines for games.
Gaming and Entertainment,Esports Tournament Platform,"An online platform for hosting, joining, and managing esports tournaments."
Gaming and Entertainment,Augmented Reality (AR) Interactive Experiences,Developing interactive augmented reality experiences that enhance and engage with the physical environment.
Gaming and Entertainment,Blockchain-Based In-Game Asset Trading,"Leveraging blockchain to enable secure, verifiable trading of in-game digital assets."
Gaming and Entertainment,Voice-Controlled Gaming Interfaces,Intuitive voice control for seamless gaming interaction.
Gaming and Entertainment,Interactive Live Streaming Enhancements,"Elevating live streams with dynamic, real-time audience engagement features."
Gaming and Entertainment,AI-Generated Music for Gaming Soundtracks,**AI-powered music generation for dynamic gaming soundtracks.**
Gaming and Entertainment,Social Virtual Reality (VR) Hangout Spaces,An immersive virtual reality platform for users to socially gather and interact.
Gaming and Entertainment,Gaming for Mental Health and Relaxation Apps,Leveraging interactive gaming to promote mental well-being and relaxation.
Blockchain Applications,Decentralized Identity Management,"Empowering users to securely own and manage their digital identity, free from centralized control."
Blockchain Applications,Blockchain-Based Voting Systems,"A blockchain-powered system ensuring secure, transparent, and verifiable elections."
Blockchain Applications,Smart Contracts for Legal Agreements,"Automating legal agreements through self-executing, blockchain-based smart contracts."
Blockchain Applications,Supply Chain Transparency and Traceability,"Develop an end-to-end digital record for products, ensuring complete visibility and verifiable tracking across the entire supply chain."
Blockchain Applications,Tokenization of Real Estate Assets,Digitizing real estate assets as blockchain tokens to enable fractional ownership and enhanced liquidity.
Blockchain Applications,Blockchain-Based Healthcare Records,"Leveraging blockchain to create secure, immutable, and patient-controlled healthcare records."
Blockchain Applications,Decentralized Finance (DeFi) Platforms,"Build a blockchain-powered platform offering open, peer-to-peer financial services free from traditional intermediaries."
Blockchain Applications,Blockchain for Intellectual Property Protection,"Utilizing blockchain to create immutable, verifiable proof of intellectual property ownership and creation."
Blockchain Applications,Energy Trading on Blockchain Networks,A decentralized platform enabling peer-to-peer energy trading via blockchain technology.
Blockchain Applications,Digital Collectibles and NFT Marketplaces,"Build an NFT marketplace for minting, showcasing, and trading unique digital collectibles."
Robotics and Automation,Autonomous Delivery Robots for Urban Areas,Developing autonomous robots for efficient last-mile delivery within urban environments.
Robotics and Automation,Robot-Assisted Surgical Procedures,"Empowering surgeons with robotic precision for safer, minimally invasive procedures."
Robotics and Automation,Automated Agriculture and Crop Monitoring,"Automates crop monitoring and analysis to optimize agricultural health, efficiency, and yield."
Robotics and Automation,AI-Powered Warehouse Management Systems,Leveraging AI to intelligently optimize and automate comprehensive warehouse management operations.
Robotics and Automation,Robotics for Elderly Care and Assistance,"Developing robotic solutions to provide comprehensive care, assistance, and improved quality of life for the elderly."
Robotics and Automation,Drone-Based Disaster Response and Relief,"Utilizing drones for rapid disaster assessment, survivor location, and urgent relief delivery."
Robotics and Automation,Automated Home Cleaning and Maintenance,"An intelligent, autonomous system for comprehensive home cleaning and maintenance."
Robotics and Automation,Collaborative Industrial Robotic Systems,Developing collaborative robotic systems to optimize industrial operations and productivity.
Robotics and Automation,Robotic Solutions for Environmental Cleanup,Developing robotic solutions to automate and enhance environmental cleanup efforts.
Robotics and Automation,Telepresence Robots for Remote Work and Education,Telepresence robots that provide a physical presence for remote workers and students in distant environments.
Smart Cities and Urban Planning,Intelligent Traffic Management System,"Leveraging real-time data and AI, this system dynamically optimizes traffic flow to reduce congestion and improve urban mobility."
Smart Cities and Urban Planning,Smart Waste Management Solutions,Utilizing smart technology to optimize waste collection and advance urban sustainability.
Smart Cities and Urban Planning,Public Safety and Emergency Response App,A mobile app to streamline emergency reporting and accelerate public safety response.
Smart Cities and Urban Planning,Energy-Efficient Street Lighting System,An intelligent system that dynamically optimizes street lighting to achieve significant energy savings.
Smart Cities and Urban Planning,Smart Parking Solutions with Real-Time Availability,Guiding drivers directly to available parking spaces using real-time availability data.
Smart Cities and Urban Planning,Air Quality Monitoring and Alert System,Monitors air quality and provides immediate alerts for hazardous pollution levels.
Smart Cities and Urban Planning,Community-Based Urban Planning App,"Empowering citizens to collaboratively propose, discuss, and shape their urban environment."
Smart Cities and Urban Planning,Green Spaces Optimization Platform,Optimizes urban green spaces to maximize their ecological and community benefits.
Smart Cities and Urban Planning,Noise Pollution Monitoring and Control,"Develop a system to monitor and actively mitigate noise pollution for a quieter, healthier environment."
Smart Cities and Urban Planning,Smart Public Transportation Planning,Data-driven optimization of public transit routes and schedules for improved efficiency and rider experience.
Mobile App Development,AI-Powered Personal Assistant App,An AI-powered app offering personalized assistance and task management.
Mobile App Development,Health and Fitness Tracker Application,"A personal application for tracking, analyzing, and improving individual health and fitness."
Mobile App Development,Augmented Reality (AR) Navigation App,An AR app that overlays real-time navigation directions directly onto your device's live camera view of the world.
Mobile App Development,E-Learning Platform for Skill Development,An e-learning platform facilitating practical skill acquisition for personal and professional growth.
Mobile App Development,Sustainable Lifestyle Tracking App,"An app to track, measure, and improve your daily sustainable lifestyle choices and environmental footprint."
Mobile App Development,Community Engagement and Networking App,An app designed to foster community engagement and facilitate member networking.
Mobile App Development,Mental Health and Well-being Support App,A mobile app designed to foster mental health and overall well-being through accessible tools and resources.
Mobile App Development,Local Sustainable Shopping Guide App,"Guides users to discover and support local, sustainable shopping options and businesses."
Mobile App Development,Personal Finance Management App,"An intuitive app for tracking expenses, managing budgets, and gaining clear insights into personal financial health."
Mobile App Development,Interactive Storytelling and Reading App,An interactive reading app where user choices dynamically shape and personalize the narrative experience.
Food Technology,Smart Kitchen Inventory Management,A system that automatically tracks kitchen contents and expiration dates to optimize shopping and minimize food waste.
Food Technology,Food Allergy Detection Apps,"Apps that scan and identify food allergens in products, enabling users to make safe dietary choices."
Food Technology,Blockchain for Food Supply Chain Transparency,Leveraging blockchain to ensure immutable transparency and traceability across the entire food supply chain.
Food Technology,Personalized Nutrition Planning Platforms,Generates personalized meal plans and nutritional recommendations tailored to individual dietary needs and health goals.
Food Technology,Augmented Reality(AR) Cooking Assistance,"Augmented reality provides real-time, visual, step-by-step cooking guidance directly in your kitchen."
Food Technology,Smart Food Label Scanners,Scans food labels to instantly identify personalized dietary compatibility and allergen risks.
Food Technology,AI-Powered Recipe Recommendations,AI provides personalized recipe recommendations based on individual preferences and available ingredients.
Food Technology,Food Waste Reduction Apps,"Apps empowering users to track, manage, and reduce their food waste."
Food Technology,Nutrient Content Analysis Tools,Tools for rapid analysis and clear presentation of food's nutrient content.
Food Technology,Smart Food Delivery Logistics,Optimizing food delivery logistics using AI and data for enhanced efficiency and customer experience.
Innovations in Communication,Real-Time Language Translation Apps,"Real-time language translation apps enabling instant, seamless communication across linguistic barriers."
Innovations in Communication,Interactive Video Conferencing Tools,Interactive features to make video conferencing more dynamic and collaborative.
Innovations in Communication,Blockchain-Based Secure Messaging Platforms,A decentralized messaging platform leveraging blockchain for enhanced security and privacy.
Innovations in Communication,AI-Powered Email Organization Systems,"AI-powered systems that intelligently categorize, prioritize, and manage email communications."
Innovations in Communication,Collaborative Virtual Whiteboard Applications,"An interactive virtual whiteboard enabling real-time, multi-user collaboration for brainstorming and visual ideation."
Innovations in Communication,Voice-Activated Virtual Assistants for Communication,Voice-activated virtual assistants designed to enhance and streamline communication.
Innovations in Communication,AR-Based Remote Collaboration Tools,An Augmented Reality platform designed to enhance remote collaboration by overlaying interactive digital content onto users' real-world environments.
Innovations in Communication,Social Media Wellness Trackers,Monitors social media usage to provide insights that foster healthier digital well-being.
Innovations in Communication,Decentralized Communication Networks,"Building a peer-to-peer network for private, censorship-resistant communication without central servers."
Innovations in Communication,Immersive 3D Audio Chat Environments,"Immersive 3D virtual environments enabling natural, spatially-aware audio chat."
